date_changement,plage,etat_sanitaire
2025-09-24,Plage de Magenta,Baignade autorisée
2025-09-24,Plage de l'Anse-Vata,Baignade autorisée
2025-09-24,Plage de la baie des Citrons,Baignade autorisée
2025-09-24,Plage de la pointe Magnin,Baignade autorisée
2025-09-24,Plage de la promenade Pierre-Vernier,Baignade autorisée
2025-09-24,Plage du Kuendu Beach,Baignade autorisée
2025-10-21,Plage de Magenta,Interdiction temporaire
2025-10-21,Plage de la promenade Pierre-Vernier,Baignade déconseillée
2025-10-21,Plage du Kuendu Beach,Baignade déconseillée
2025-10-22,Plage de Magenta,Baignade autorisée
2025-10-22,Plage de la promenade Pierre-Vernier,Baignade autorisée
2025-10-22,Plage du Kuendu Beach,Baignade autorisée
2025-12-05,Plage de la baie des Citrons,Baignade déconseillée
2025-12-05,Plage du Kuendu Beach,Baignade déconseillée
2025-12-08,Plage de la baie des Citrons,Baignade autorisée
2025-12-08,Plage du Kuendu Beach,Baignade autorisée
2025-12-17,Plage de Magenta,Baignade déconseillée
2025-12-17,Plage de l'Anse-Vata,Baignade déconseillée
2025-12-17,Plage de la baie des Citrons,Baignade déconseillée
2025-12-17,Plage de la pointe Magnin,Baignade déconseillée
2025-12-17,Plage de la promenade Pierre-Vernier,Baignade déconseillée
2025-12-17,Plage du Kuendu Beach,Baignade déconseillée
2025-12-19,Plage de Magenta,Baignade autorisée
2025-12-19,Plage de l'Anse-Vata,Baignade autorisée
2025-12-19,Plage de la pointe Magnin,Baignade autorisée
2025-12-19,Plage de la promenade Pierre-Vernier,Baignade autorisée
2025-12-19,Plage du Kuendu Beach,Baignade autorisée
2025-12-22,Plage de la baie des Citrons,Baignade autorisée
2026-02-17,Plage de Magenta,Déconseil temporaire
2026-02-17,Plage de l'Anse-Vata,Déconseil temporaire
2026-02-17,Plage de la baie des Citrons,Déconseil temporaire
2026-02-18,Plage de l'Anse-Vata,Interdiction temporaire
2026-02-18,Plage de la baie des Citrons,Interdiction temporaire
2026-02-18,Plage de la pointe Magnin,Déconseil temporaire
2026-02-18,Plage de la promenade Pierre-Vernier,Déconseil temporaire
2026-02-18,Plage du Kuendu Beach,Déconseil temporaire
2026-02-20,Plage de Magenta,Baignade autorisée
2026-02-20,Plage de l'Anse-Vata,Baignade autorisée
2026-02-20,Plage de la baie des Citrons,Baignade autorisée
2026-02-20,Plage de la pointe Magnin,Baignade autorisée
2026-02-20,Plage de la promenade Pierre-Vernier,Baignade autorisée
2026-02-20,Plage du Kuendu Beach,Baignade autorisée
2026-02-24,Plage de Magenta,Baignade interdite
2026-02-24,Plage de l'Anse-Vata,Baignade interdite
2026-02-24,Plage de la baie des Citrons,Baignade autorisée uniquement dans la zone sécurisée
2026-02-24,Plage de la pointe Magnin,Baignade autorisée uniquement dans la zone sécurisée
2026-02-24,Plage de la promenade Pierre-Vernier,Baignade interdite
2026-02-24,Plage du Kuendu Beach,Baignade interdite
2026-02-25,Plage de la baie des Citrons,Baignade déconseillée dans la zone sécurisée
2026-02-25,Plage de la pointe Magnin,Baignade déconseillée dans la zone sécurisée
2026-03-03,Plage de la baie des Citrons,Baignade autorisée dans la zone sécurisée
2026-03-03,Plage de la pointe Magnin,Baignade autorisée dans la zone sécurisée
2026-03-05,Plage de Magenta,Baignade déconseillée
2026-03-05,Plage de l'Anse-Vata,Baignade déconseillée
2026-03-05,Plage de la promenade Pierre-Vernier,Baignade déconseillée
2026-03-05,Plage du Kuendu Beach,Baignade déconseillée
2026-03-06,Plage de Magenta,Baignade autorisée
2026-03-06,Plage de l'Anse-Vata,Baignade autorisée
2026-03-06,Plage de la baie des Citrons,Baignade autorisée
2026-03-06,Plage de la pointe Magnin,Baignade autorisée
2026-03-06,Plage de la promenade Pierre-Vernier,Baignade autorisée
2026-03-06,Plage du Kuendu Beach,Baignade autorisée
2026-03-17,Plage de Magenta,Baignade déconseillée
2026-03-17,Plage de la baie des Citrons,Baignade déconseillée
2026-03-19,Plage de Magenta,Baignade autorisée
2026-03-20,Plage de l'Anse-Vata,Baignade déconseillée
2026-03-22,Plage de l'Anse-Vata,Baignade autorisée
2026-03-22,Plage de la baie des Citrons,Baignade autorisée
2026-03-31,Plage de la baie des Citrons,Baignade déconseillée
2026-04-01,Plage de la baie des Citrons,Baignade autorisée
2026-04-02,Plage de Magenta,Baignade déconseillée
2026-04-02,Plage de l'Anse-Vata,Baignade déconseillée
2026-04-02,Plage de la baie des Citrons,Baignade déconseillée
2026-04-02,Plage de la pointe Magnin,Baignade déconseillée
2026-04-02,Plage de la promenade Pierre-Vernier,Baignade déconseillée
2026-04-02,Plage du Kuendu Beach,Baignade déconseillée
2026-04-09,Plage de Magenta,Baignade autorisée
2026-04-09,Plage de l'Anse-Vata,Baignade autorisée
2026-04-09,Plage de la baie des Citrons,Baignade autorisée
2026-04-09,Plage de la pointe Magnin,Baignade autorisée
2026-04-09,Plage de la promenade Pierre-Vernier,Baignade autorisée
2026-04-09,Plage du Kuendu Beach,Baignade autorisée
2026-04-14,Plage de Magenta,Baignade déconseillée
2026-04-14,Plage de la baie des Citrons,Baignade déconseillée
2026-04-17,Plage de Magenta,Baignade interdite
2026-04-17,Plage de l'Anse-Vata,Baignade interdite
2026-04-17,Plage de la pointe Magnin,Baignade autorisée (dans la zone sécurisée)
2026-04-17,Plage de la promenade Pierre-Vernier,Baignade interdite
2026-04-17,Plage du Kuendu Beach,Baignade interdite
2026-04-21,Plage de la baie des Citrons,Baignade autorisée (dans la zone sécurisée)
2026-04-27,Plage de Magenta,Baignade déconseillée
2026-04-27,Plage de l'Anse-Vata,Baignade déconseillée
2026-04-27,Plage de la baie des Citrons,Baignade déconseillée
2026-04-27,Plage de la pointe Magnin,Baignade déconseillée
2026-04-27,Plage de la promenade Pierre-Vernier,Baignade déconseillée
2026-04-27,Plage du Kuendu Beach,Baignade déconseillée
2026-04-28,Plage de l'Anse-Vata,Baignade autorisée
2026-04-28,Plage de la pointe Magnin,Baignade autorisée
2026-04-28,Plage de la promenade Pierre-Vernier,Baignade autorisée
2026-04-28,Plage du Kuendu Beach,Baignade autorisée
2026-04-29,Plage de Magenta,Baignade autorisée
2026-04-29,Plage de la baie des Citrons,Baignade autorisée
2026-06-02,Plage de Magenta,Baignade déconseillée
2026-06-02,Plage de la baie des Citrons,Baignade déconseillée
2026-06-03,Plage de Magenta,Baignade autorisée
2026-06-03,Plage de la baie des Citrons,Baignade autorisée
2026-06-09,Plage de la baie des Citrons,Baignade déconseillée
2026-06-10,Plage de la baie des Citrons,Baignade autorisée
2026-06-16,Plage de Magenta,Baignade interdite
2026-06-16,Plage de l'Anse-Vata,Baignade interdite
2026-06-17,Plage de Magenta,Baignade autorisée
2026-06-17,Plage de l'Anse-Vata,Baignade déconseillée
2026-06-26,Plage de l'Anse-Vata,Baignade autorisée
2026-07-07,Plage de l'Anse-Vata,Baignade déconseillée
2026-07-08,Plage de l'Anse-Vata,Baignade autorisée
2026-07-20,Plage de Magenta,Baignade déconseillée
2026-07-20,Plage de l'Anse-Vata,Baignade déconseillée
2026-07-20,Plage de la baie des Citrons,Baignade déconseillée
2026-07-20,Plage de la pointe Magnin,Baignade déconseillée
2026-07-20,Plage de la promenade Pierre-Vernier,Baignade déconseillée
2026-07-20,Plage du Kuendu Beach,Baignade déconseillée
